post_id,user name ,followers
1,ccapenor0,2676
2,slamprecht1,47053
3,khalt2,16815
4,asteffans3,45751
5,mchrystal4,4074
6,whalifax5,35592
7,lwebling6,39586
8,eunsworth7,32409
9,edougan8,11078
10,jpau9,41702
11,ijacobovitcha,17554
12,paharonib,39062
13,nferrarottic,16036
14,jfallsd,12277
15,gsturzakere,32931
16,gmassowf,2763
17,mbenoistg,28370
18,ssidworthh,45112
19,dpettipheri,16932
20,rwicherj,41408
21,pgaulek,3548
22,cbrydenl,9506
23,enormanvillm,28213
24,paharonin,7002
25,sslorao,8323
26,rsowleyp,12272
27,mgallopq,45562
28,cmcindrewr,2707
29,areppaports,6716
30,rbugbyt,43244
31,ltopleyu,7755
32,eferrillov,10468
33,ubusherw,43675
34,ghorsewoodx,49397
35,jschiraky,19554
36,rcavez,11839
37,ialty10,30062
38,plent11,47159
39,wtunnock12,13584
40,trosewarne13,41743
41,alandre14,9010
42,mheindl15,33299
43,rodeegan16,24998
44,bdifrancesco17,29346
45,hcullimore18,20045
46,fmyhan19,19912
47,sbeall1a,19550
48,ytatton1b,48408
49,rgeeve1c,40469
50,dhalbard1d,3607
51,sfishpool1e,1621
52,eharkes1f,7751
53,igilbeart1g,31157
54,bdayes1h,40050
55,jtucsell1i,19310
56,sprantoni1j,18465
57,zniche1k,38465
58,cgirardot1l,7051
59,dfaichney1m,15320
60,cprendergast1n,17865
61,sbowyer1o,2053
62,nvurley1p,43178
63,scoulthard1q,11424
64,bkachel1r,49407
65,elob1s,9331
66,mimmins1t,47738
67,wgutowski1u,44316
68,eeddison1v,21807
69,mmerriment1w,14833
70,tseabon1x,41650
71,dteall1y,9843
72,kquiney1z,45093
73,bpippard20,6303
74,dmetzig21,6340
75,gstiling22,7800
76,gnorkutt23,14582
77,dbartosik24,44988
78,dkilday25,20706
79,pjurczik26,4401
80,ccotman27,44420
81,tlehuquet28,3925
82,nwondraschek29,43308
83,cdepaepe2a,13178
84,zivkovic2b,3045
85,dmelland2c,10323
86,ppulley2d,34449
87,iberka2e,42649
88,rburness2f,46861
89,bhaward2g,42264
90,pbesnard2h,15924
91,jcatcheside2i,18022
92,nbroadey2j,26946
93,gpoll2k,11708
94,udroghan2l,13714
95,pdadda2m,7421
96,mshawyer2n,15478
97,thannent2o,20512
98,sfishleigh2p,11720
99,acaldwall2q,23416
100,rfelton2r,34944
101,nbranwhite2s,33999
102,dreignolds2t,12157
103,lrounsefell2u,1623
104,mangove2v,17751
105,marmsby2w,2321
106,ewaterworth2x,26989
107,kdionisetto2y,15915
108,gshillingford2z,3831
109,jelverstone30,18229
110,jchipps31,44072
111,atallyn32,25670
112,lmechi33,39291
113,cspring34,36934
114,ethew35,16873
115,asollon36,17276
116,fbosley37,18810
117,vputtergill38,12915
118,ogosart39,43854
119,bgenever3a,22373
120,jerskin3b,6447
121,ebevens3c,1301
122,wvince3d,24749
123,tstarmore3e,2090
124,ecregin3f,35300
125,itreagus3g,43929
126,dcuttings3h,43979
127,dcaulfield3i,3599
128,jbryer3j,33964
129,flumsdall3k,44140
130,pbrewett3l,6909
131,lmityukov3m,8848
132,pwhyborn3n,43402
133,cdy3o,17370
134,cgimlet3p,31171
135,ntussaine3q,16921
136,kcawdery3r,46120
137,kdoggett3s,49543
138,cbingall3t,34680
139,dakroyd3u,8396
140,dhelsdon3v,36917
141,ehawney3w,23173
142,pfrogley3x,20047
143,spolino3y,26022
144,qcammocke3z,45674
145,rculley40,20697
146,ikendall41,23426
147,oconeron42,29117
148,telkins43,24946
149,fmatelaitis44,44537
150,selwell45,19765
151,ostockbridge46,28256
152,nwyleman47,17666
153,ecoxhead48,2881
154,elacroix49,19837
155,wgooday4a,30236
156,mlocket4b,15039
157,bmenguy4c,24898
158,weriksson4d,38101
159,kbiggin4e,37942
160,rdalgarnocht4f,47576
161,cstagge4g,36507
162,hgelly4h,22728
163,dcowthard4i,4927
164,mdecleyne4j,38546
165,kvautre4k,19862
166,kwheelwright4l,37710
167,adipietro4m,19280
168,blorey4n,45360
169,aclemson4o,43185
170,salbiston4p,49679
171,rkenward4q,43560
172,wgladdish4r,34915
173,jmathew4s,42679
174,sberre4t,35222
175,jcathie4u,41950
176,mgeraghty4v,2360
177,bulyatt4w,36099
178,abarczynski4x,9282
179,ggomersal4y,19943
180,mrohfsen4z,40307
181,jfeldmark50,19070
182,mburgise51,34511
183,mcassius52,43542
184,shinsche53,26384
185,dstrethill54,1376
186,lourtic55,13850
187,msyphas56,12895
188,kuwins57,16618
189,tmctavy58,7435
190,pphillippo59,38753
191,carlow5a,8510
192,mblandamore5b,40766
193,vskeemor5c,18586
194,sratazzi5d,13834
195,oroscrigg5e,47794
196,chouston5f,44831
197,pdoe5g,24479
198,bfackrell5h,21323
199,rpenlington5i,33453
200,rbrettoner5j,9082
201,pspore5k,19417
202,tzebedee5l,5196
203,mtorry5m,14192
204,mbinner5n,4316
205,cbowe5o,10661
206,csayce5p,9391
207,epashbee5q,33814
208,esoles5r,18498
209,molphert5s,3841
210,rcheesman5t,17331
211,igeffinger5u,39862
212,gfardon5v,43836
213,mmcewan5w,6896
214,rparram5x,37283
215,kcarmel5y,27670
216,mhanington5z,7310
217,mdarlaston60,14892
218,wprover61,3070
219,bkippax62,16864
220,ayerrell63,27038
221,dmateev64,40759
222,dlisamore65,49957
223,shurich66,48818
224,vkellington67,5783
225,bgodbolt68,43518
226,ghannigan69,19655
227,reastmead6a,6458
228,hharriday6b,19400
229,slebel6c,13152
230,rmoakson6d,48285
231,bmayston6e,23613
232,dguice6f,8074
233,rbaggally6g,47614
234,rdurbin6h,9374
235,tinglis6i,34201
236,kpocke6j,5666
237,ljira6k,35654
238,rollington6l,35833
239,gblaycock6m,33606
240,garonowitz6n,20564
241,cmableson6o,35080
242,dleroux6p,28055
243,opietrowicz6q,7985
244,ikesper6r,27583
245,hseebert6s,25891
246,speat6t,43247
247,ailyin6u,31122
248,ljickles6v,17844
249,dtuftin6w,22896
250,tmargram6x,24071
251,jvillalta6y,44227
252,boldham6z,29074
253,nmeadus70,36250
254,mcamili71,47334
255,ccornock72,25504
256,tduffyn73,3790
257,acavell74,41284
258,kbradd75,36744
259,jscurrey76,5498
260,jben77,21935
261,amccane78,36674
262,cstockdale79,31400
263,kloughrey7a,44162
264,jdonisi7b,36808
265,rmaccrann7c,40010
266,cfielding7d,17799
267,dbrodway7e,13511
268,aeastridge7f,24136
269,gsaiens7g,16528
270,dtruran7h,23295
271,cschust7i,4562
272,dwinram7j,16412
273,aisard7k,16592
274,sdyne7l,42743
275,ywestbrook7m,42214
276,lpedreschi7n,14386
277,educkels7o,43815
278,agateley7p,8497
279,lcrossthwaite7q,46452
280,kterren7r,17189
281,wdonisi7s,8452
282,kwoodard7t,30634
283,ivasilyonok7u,16647
284,ecornew7v,38428
285,emohammad7w,1146
286,tquinnette7x,33055
287,sskehan7y,16834
288,pgillhespy7z,3319
289,kmasdon80,6173
290,sfrizell81,38055
291,sferon82,30073
292,jtuckerman83,19595
293,cforsard84,48913
294,bbraundt85,16570
295,hjerrolt86,36070
296,proskilly87,1334
297,ailyenko88,22257
298,aramey89,20826
299,bmadgett8a,20956
300,cepton8b,26696
301,strewhitt8c,36591
302,rlynnett8d,3258
303,srogans8e,47404
304,cnewdick8f,18416
305,nisherwood8g,5665
306,mferrillio8h,3464
307,dalp8i,43636
308,rgheeorghie8j,49415
309,cbalden8k,12040
310,bgascar8l,27578
311,rtimothy8m,8312
312,jlinskill8n,48978
313,cbertolin8o,44111
314,lsilverton8p,35060
315,gstickel8q,44961
316,ntrethewey8r,10705
317,mpruckner8s,41327
318,jrubega8t,29149
319,ggritsaev8u,44224
320,kaltofts8v,49011
321,aharkness8w,18164
322,kadao8x,35742
323,rbrough8y,8215
324,mdmitriev8z,32811
325,rkobierski90,29160
326,mverna91,49509
327,svargas92,14075
328,craith93,33155
329,scongdon94,11157
330,tcamidge95,39064
331,sbark96,44509
332,byu97,39831
333,rriglar98,38257
334,rmacgiffin99,24462
335,ebatchley9a,10980
336,chrishanok9b,42764
337,kcammiemile9c,27723
338,acharlewood9d,46058
339,rdunnet9e,49818
340,mtitterton9f,42831
341,lhowland9g,40503
342,acottisford9h,33914
343,lgreystock9i,18513
344,rkobieriecki9j,14173
345,lfrenzel9k,13066
346,vbrusby9l,6573
347,gmaunsell9m,12464
348,bwarbys9n,11800
349,shairyes9o,45995
350,kgoldstein9p,1410
351,amott9q,11375
352,omcquie9r,46178
353,craun9s,47615
354,grivilis9t,5087
355,cricioppo9u,36208
356,lferens9v,20380
357,gjaggers9w,49238
358,slaskey9x,17712
359,gdedam9y,15276
360,ispargo9z,29850
361,sswafforda0,21457
362,djacsona1,40236
363,jmoulta2,23905
364,mguilloua3,25563
365,jclemenceaua4,44469
366,ccastillona5,23656
367,xbradmana6,22160
368,gbergstranda7,39857
369,gmcvanamya8,9362
370,fshevella9,36677
371,soutridgeaa,32217
372,bblasettiab,41563
373,bcattoac,29572
374,jpinksad,46432
375,hlewensae,17521
376,gcontiaf,35832
377,krudgardag,35334
378,ltinanah,15796
379,fblecklyai,27824
380,battewillaj,6937
381,wstopherak,33525
382,cgodsonal,46388
383,rgallahueam,18185
384,bgatusan,6949
385,sbougourdao,12517
386,lomahonyap,8642
387,hwakesaq,31275
388,schaisear,21693
389,csheepyas,9130
390,rmateuszczykat,14086
391,cfennellyau,33739
392,pfowleyav,46375
393,naspinalaw,29107
394,yharkinsax,8863
395,gmcauleyay,11795
396,rharriganaz,24266
397,gruckmanb0,15887
398,gwrinchb1,49610
399,jdaiceb2,43528
400,dfarbrotherb3,16509
401,cgolbournb4,3986
402,astrutb5,15852
403,mlindblomb6,27275
404,cpetrasb7,31393
405,onapletonb8,22021
406,mtrussellb9,46290
407,nmartignoniba,24553
408,dfaichbb,40507
409,dblaxlandbc,15366
410,tcannambd,32910
411,myoungebe,3210
412,mbowheybf,2534
413,bespinolabg,12787
414,jsuermeierbh,5967
415,tgiamittibi,42394
416,pdemageardbj,22537
417,jdampneybk,16171
418,yrobshawbl,3066
419,redglerbm,49222
420,tstoodbn,13465
421,elyvonbo,22759
422,srollinsbp,45496
423,thubbocksbq,22148
424,azutebr,43792
425,mallewaybs,5750
426,cmcclymondbt,17121
427,cdahlbackbu,26604
428,rmayoubv,34436
429,jdominybw,15729
430,rdietzbx,32558
431,sdibdaleby,38452
432,arefordbz,47306
433,greacec0,24497
434,wbeedellc1,8425
435,dsauntc2,16266
436,sbaylayc3,9664
437,agoodshipc4,16494
438,aglowaczc5,13319
439,jtrubshawc6,32568
440,ejollissc7,27563
441,qcommuccic8,25316
442,mfenningc9,9095
443,kmarsyca,33729
444,kclacsoncb,9265
445,apettingercc,41886
446,nfantincd,18486
447,tlubeckce,28290
448,kellsoncf,14187
449,dswaddlecg,39248
450,kdarkech,17540
451,mpollandci,22398
452,leffauntcj,1097
453,dadaock,40762
454,dspradbrowcl,5569
455,ggrimmolbycm,30655
456,melcoxcn,10714
457,sstuddeco,1875
458,lfancecp,39819
459,bbudnkcq,7448
460,mspyercr,23035
461,wbumcs,29531
462,aphelitct,44783
463,ekeasycu,6929
464,syoskowitzcv,33513
465,gswanstoncw,4663
466,jpoagcx,33333
467,rsorelcy,46732
468,byessoncz,39933
469,dthorped0,12797
470,lhenrotd1,41922
471,naisbettd2,26009
472,mheighod3,34463
473,ymerilld4,22736
474,rmanassd5,37305
475,rbedlingtond6,46346
476,rmoormand7,39937
477,dblazevicd8,8316
478,qmcgilvaryd9,26535
479,skrautda,32239
480,dgosneydb,26726
481,rlilburndc,15157
482,nespinasdd,9787
483,astiegarde,27082
484,bstivanidf,12858
485,bscogginsdg,35546
486,aazamdh,31813
487,hallbrookdi,38061
488,imcglonedj,4114
489,pgroutdk,39514
490,rhaglingtondl,48446
491,fapplegarthdm,20588
492,gkeeridn,15790
493,ctabarydo,6405
494,ppowersdp,45978
495,cjeromsondq,9522
496,jgamettdr,9106
497,rseifertds,39370
498,mpeironedt,42573
499,dwinsleydu,9868
500,mdumsdaydv,4689
501,mtiliodw,42386
502,elibbiedx,39585
503,cboldeckedy,9979
504,mmanseldz,13678
505,cgilcrieste0,35384
506,gcalowe1,28617
507,ecarvillee2,40592
508,lpepyee3,48198
509,ggambelle4,11300
510,lwieprechte5,12359
511,qlancleye6,31741
512,bpampline7,47240
513,rpurdiee8,48106
514,fspehre9,47833
515,ugalloneea,19496
516,dlampeteb,38665
517,iroxbyec,22879
518,mandreazzied,44094
519,gsainteauee,16365
520,sbewfieldef,41633
521,jkoheneg,25963
522,jorumeh,37385
523,ttrenbeyei,15341
524,bchittieej,8788
525,ymachosteek,6321
526,dgaskillel,26522
527,ccanningem,28567
528,dgiacomuzzoen,26690
529,rashbyeo,35506
530,gdingleyep,22482
531,akeneweleq,40231
532,gcollumbeller,2583
533,fcollidgees,37201
534,wnorawayet,11114
535,rcollingtoneu,27060
536,dbarrsev,44384
537,wmcillrickew,43377
538,cchartmanex,10048
539,dmcartaney,36046
540,bhoundesomeez,34876
541,mwolledgef0,9988
542,psalergf1,12765
543,bstoddardf2,1379
544,ksalthousef3,13063
545,ltanderf4,1046
546,lmccambroisf5,17585
547,kszachniewiczf6,6645
548,zfancourtf7,13030
549,berrigof8,31175
550,ashowtf9,43240
551,mdmytrykfa,48343
552,wmccawfb,49305
553,rplumefc,35556
554,ecejkafd,26368
555,gjonasfe,31481
556,jhanhamff,18979
557,cnolotfg,46334
558,egauvinfh,29219
559,nmcenteggartfi,40379
560,jextencefj,38326
561,cbentingfk,41332
562,broistonefl,17531
563,dbaglowfm,15313
564,fhattfn,40268
565,tstrutherfo,17296
566,ayakuninfp,37356
567,akuhntfq,19051
568,ebrownsworthfr,1879
569,jrockwillfs,18900
570,dstalfft,11594
571,hgirckefu,34678
572,kdebeauchampfv,6341
573,asideryfw,40000
574,bacorsfx,31203
575,jhurlefy,47590
576,gdodswellfz,32724
577,ascartifieldg0,12296
578,mlanfereg1,6977
579,kbyssheg2,5138
580,nstockoeg3,38174
581,orogersong4,34260
582,hgavriellig5,9922
583,rflecknoeg6,30339
584,rnegalg7,15522
585,ldalgarnog8,22310
586,mriceg9,38615
587,htomsenga,42028
588,kdunckleygb,10232
589,eharrodgc,12397
590,fpierrigd,26092
591,lbroadbentge,32186
592,semenygf,32509
593,cgarkengg,7678
594,fsilverstongh,45967
595,nsugargi,27993
596,gissacovgj,34885
597,chebnergk,45653
598,pmacongl,32547
599,lourrygm,37446
600,bhelleckasgn,15080
601,xcrowsongo,10258
602,imeneurgp,11408
603,kmuntongq,13637
604,claurensongr,14916
605,mdegowegs,4727
606,mgildeagt,36213
607,jwilcockgu,8002
608,cansteygv,2008
609,sbraxaygw,16288
610,ekiddyegx,19497
611,lgamellgy,11741
612,rbaressgz,36623
613,ekillingbeckh0,13554
614,ecrookstonh1,24578
615,nbruhnh2,22402
616,dbellonh3,18996
617,rministerh4,31225
618,rfeldbrinh5,43786
619,acordsh6,5894
620,caldersonh7,35682
621,vwilsteadh8,42962
622,amethamh9,38599
623,smcgaheyha,43965
624,naroninhb,37837
625,ldrakeshc,10007
626,mduggethd,13006
627,dgraveshe,30938
628,bhurlstonhf,26885
629,bgravellhg,23906
630,vfieldgatehh,47263
631,pcreightonhi,10335
632,mgoriolihj,22258
633,dsmitherhamhk,35003
634,cswalwelhl,30752
635,ccurnuckehm,11094
636,dwhildhn,27019
637,myakebowitchho,35359
638,cgerholdhp,49959
639,cpomfreyhq,45330
640,mfinlasonhr,14840
641,bsellwoodhs,24474
642,ibartonht,16426
643,gbussonshu,18379
644,vcastanareshv,3084
645,tdinsehw,30387
646,kbrightyhx,47957
647,rgeekiehy,46411
648,cmccoughanhz,37386
649,cdulsoni0,15069
650,mbartoszewiczi1,8143
651,cclutterhami2,21266
652,sstoodleyi3,24367
653,gflewetti4,7731
654,sschabeni5,25535
655,drollini6,5265
656,kpestrickei7,6272
657,clindegardi8,21917
658,ksiddeni9,25860
659,mwrethamia,19075
660,bbalmadierib,23310
661,gfearensideic,30553
662,vcallicottid,20339
663,tkleinsingerie,5561
664,dguideraif,40580
665,bokeshottig,19601
666,mmatisseih,2798
667,cfockeii,11918
668,rdykaij,8420
669,mmabbottik,45368
670,csavilil,19758
671,csaywellim,3009
672,miblein,47263
673,bgilphillanio,15483
674,ccurtoysip,24808
675,bdillinghamiq,2807
676,echessorir,20146
677,doliverpaullis,42918
678,mreedyit,22832
679,jrickhussiu,43895
680,rredihoughiv,7481
681,gbalaamiw,15941
682,klodgeix,17428
683,amcauleyiy,25992
684,vsilverstoniz,3554
685,ituveyj0,34696
686,gsharrattj1,38674
687,beasonj2,10979
688,cbrushneenj3,18527
689,ctruesdalej4,2208
690,dparmerj5,14091
691,bpontefractj6,1249
692,gstillyj7,28906
693,gogusj8,43021
694,lratnagej9,18217
695,dfancettja,2797
696,rbruhnjb,39729
697,bkringejc,12123
698,afrugierjd,20214
699,yslyvesterje,23641
700,gpaishjf,16096
701,bbiskupskijg,38347
702,aniccollsjh,28776
703,jblackebyji,16032
704,ebandeyjj,23160
705,ncraighilljk,42986
706,amcgraejl,36572
707,meglingtonjm,15797
708,cproschjn,7426
709,fhoveejo,41895
710,jolivajp,25629
711,cdanfordjq,30201
712,ccoddingtonjr,21303
713,hstarmerjs,38838
714,ssealandjt,49889
715,xhablotju,6885
716,llotzejv,22431
717,btschirschkyjw,35944
718,acumingjx,25033
719,jcodnerjy,27501
720,nhanshawejz,31180
721,ncolledgek0,36363
722,ujeromek1,22147
723,wadicotk2,10772
724,ccrampink3,4540
725,koatsk4,45550
726,bainscowk5,40134
727,lmoreinisk6,44535
728,sundrellk7,23891
729,edeantonik8,40503
730,bsisnerosk9,16107
731,mcesconka,14626
732,dputtonkb,44363
733,svalentinettikc,11891
734,clilliekd,47176
735,wlapthorneke,30684
736,lseebrightkf,46143
737,ajersonkg,31082
738,lbaiylekh,28297
739,rstodeki,3612
740,moliverpaullkj,5379
741,klapsleykk,11356
742,mphillcoxkl,9924
743,jteagerkm,12013
744,bfeldbergerkn,18843
745,etettko,41832
746,reslingerkp,38531
747,hohagankq,40051
748,miverykr,44034
749,hpiattiks,45475
750,lshurykt,46484
751,ndimitriouku,10065
752,hmacardkv,39406
753,mocorrinkw,14022
754,afarnhamkx,12137
755,smcgarrahanky,39942
756,jmcgourtykz,31815
757,bmccruml0,34319
758,rmcleoidl1,26677
759,lmintonl2,31985
760,cascoughl3,26070
761,emcgennl4,37510
762,gspykingsl5,40491
763,lgullimanl6,17360
764,scrowleyl7,21661
765,kragatel8,35068
766,mmeasuresl9,4701
767,jcanavanla,17341
768,ppinnelllb,1349
769,bsouthbylc,38270
770,kkneelld,23127
771,mlutmanle,17059
772,ahinkensenlf,44457
773,hmillottlg,14009
774,mgumbrelllh,30865
775,lbeebyli,33793
776,sbickerstaffelj,32273
777,ssandisonlk,42702
778,rsmetounll,47837
779,kpenninglm,17959
780,cdiessln,18845
781,callenderlo,6325
782,amaccrannlp,34984
783,igarelq,5975
784,itwigginslr,17877
785,belgiels,27299
786,ddominiquelt,11294
787,afoxcroftlu,48060
788,rmackaiglv,30358
789,mwintourlw,33124
790,ckenratlx,19102
791,ajunkinsonly,11187
792,hmattiellilz,40561
793,dfranzolinim0,1738
794,scattelm1,11644
795,tberndsenm2,19524
796,bvenningsm3,17530
797,wpakemanm4,44991
798,ahurdwellm5,46347
799,elowriem6,40819
800,pfissendenm7,38549
801,rwaterm8,29032
802,rdobelm9,21306
803,hdrewma,23477
804,sthreadgoldmb,22407
805,soloshkinmc,22060
806,tpinchmd,40434
807,amaffeime,38304
808,dgatleymf,33612
809,beglemg,49409
810,bcotthammh,47788
811,pwelshmi,6430
812,djohnseemj,3360
813,mgergemk,29127
814,pteagueml,32413
815,zdeverockmm,17700
816,abiancomn,16795
817,akingscotemo,17499
818,bgentmp,16924
819,bvandeveldemq,10358
820,chavardmr,42827
821,broakems,35369
822,tcowillmt,39410
823,pugolettimu,38515
824,sspenclaymv,27477
825,kgoronimw,34555
826,cmacguffogmx,14990
827,gthravesmy,46431
828,breefmz,32774
829,bwardhawn0,46585
830,zwinspiren1,16350
831,eschirokn2,1104
832,evolkern3,11394
833,kvearncomben4,49780
834,bdachn5,39877
835,elacknorn6,12036
836,amingaudn7,13878
837,dbutterfintn8,36712
838,rerwinn9,4244
839,cbonnellna,10878
840,mwoodgatenb,28296
841,adoughertync,3183
842,rbaldamnd,48697
843,fbowkleyne,29849
844,sshakespearnf,27595
845,lfutterng,16189
846,dolyuninnh,40624
847,pphantni,33053
848,gcornewnj,1631
849,sfealeynk,1251
850,mkrysiaknl,15877
851,bwaisnm,24371
852,sgoodbarnn,39555
853,abiscono,48572
854,bdemcaknp,46385
855,traitienq,10520
856,abaitmannr,39027
857,hebenezerns,38220
858,ckenwricknt,25359
859,fduffellnu,13159
860,sdybaldnv,19366
861,pdonnettnw,14367
862,nwinscomnx,40076
863,adannehlny,3187
864,akeatsnz,31803
865,mweedeno0,2686
866,bjoreto1,42181
867,sbillamo2,43582
868,xtennyo3,33233
869,ablumireo4,46015
870,lpenmano5,44657
871,gsidsaffo6,23418
872,nmcguinesso7,14802
873,hgherardio8,28324
874,fmaycocko9,35803
875,rmogieoa,38347
876,jsammsob,30187
877,rrobertooc,47013
878,dorpenod,20444
879,gbohikeoe,23688
880,dsmalingof,33116
881,ssavaageog,8877
882,lshutleoh,6592
883,htarplyoi,16839
884,sinkpinoj,2330
885,pvonhindenburgok,35838
886,mbrankleyol,29611
887,lcowenom,38317
888,wyokelon,6022
889,srawlisonoo,36459
890,gtempletonop,10217
891,cdavsonoq,39567
892,avarranor,45312
893,rwastlingos,32076
894,ikenwynot,37322
895,rmaboneou,43300
896,amckevanyov,47879
897,sbeeseyow,5264
898,aalpineox,10529
899,cnairnsoy,30451
900,tpopplestonoz,6817
901,punderhillp0,37375
902,tmegsonp1,28880
903,elacknorp2,5131
904,lammerp3,29473
905,zpydcockp4,10801
906,mglamartp5,10561
907,vbickstethp6,23684
908,dhowellsp7,9154
909,ahackeltonp8,19455
910,ghyamp9,24899
911,lmcnyschepa,23854
912,jtarrierpb,14354
913,ntatampc,7142
914,llufkinpd,32117
915,dgillilandpe,2735
916,bprozillopf,21963
917,edunphiepg,43918
918,fdinesph,3712
919,kquintonpi,10349
920,apailinpj,1889
921,itasselpk,47536
922,lspringerpl,2556
923,cmoorcroftpm,26056
924,jdifranceshcipn,29464
925,aornelespo,9467
926,ascotchmerpp,41849
927,himlenpq,27028
928,cdoodpr,34147
929,mrobesonps,49612
930,elucapt,13650
931,vstolzpu,3555
932,gblenkinpv,41866
933,fewbankepw,4418
934,tthunnercliffpx,6647
935,gkleemanpy,30274
936,dspittalpz,34048
937,rmcgeaghq0,30440
938,ryurovq1,8933
939,cgadieq2,40310
940,bkemeryq3,38342
941,hchesmanq4,30784
942,icastillonq5,30284
943,rbarthramq6,15810
944,fwoolisq7,4869
945,cdominiq8,48419
946,dgleadleq9,7877
947,ufollandqa,1286
948,ldadsonqb,5235
949,nmemmoryqc,47129
950,beadyqd,25836
951,csharkeyqe,21765
952,qtoozeqf,34399
953,pmayhowqg,16067
954,ihallowellqh,16369
955,hdearesqi,5985
956,mbaylayqj,17719
957,ojantonqk,22781
958,hdahlbackql,28981
959,wcamierqm,8785
960,bduckerqn,42228
961,ljuppeqo,36844
962,hbilverstoneqp,4004
963,jjephcottqq,21418
964,mboatmanqr,29160
965,mpridgeonqs,18307
966,klethbyqt,41253
967,callnattqu,13714
968,kcoldbatheqv,38758
969,gchaulkqw,42125
970,mpotteqx,21959
971,grachuigqy,4109
972,vwadelingqz,33200
973,aandrzejewskir0,34240
974,pconnaughtonr1,32391
975,rhellikesr2,10545
976,tshirtr3,45283
977,fgilstonr4,20161
978,bhaggartyr5,24223
979,kruler6,46931
980,ikeyworthr7,3511
981,adreigherr8,43944
982,paseyr9,35113
983,dadolfra,6215
984,nsimkorb,45481
985,hroskrugerc,47079
986,rgagerrd,5584
987,cwingfieldre,12447
988,gshortorf,5960
989,fsansomerg,16400
990,npinnijarrh,32489
991,yjagiellori,25943
992,bbeneditrj,19431
993,wgooderickrk,5696
994,djarrettrl,7118
995,smarcomberm,42287
996,asimicrn,29602
997,hpleavinro,10870
998,zguietrp,20634
999,ewalkingshawrq,48310
1000,myairrr,41363
